Identity,eBayURL,Rank,Currency
yuki aim,https://www.ebay.com/sch/i.html?_from=R40&_nkw=Mouse+Pad+Yuki+Aim+radar&_sacat=0&LH_TitleDesc=0&_udlo=20&_sop=15&LH_ItemCondition=4&rt=nc&LH_BIN=1,0,USD
VOODOO-1 Roger Mayer,https://www.ebay.com/sch/i.html?_from=R40&_trksid=p2334524.m570.l1313&_nkw=Roger+Mayer+VOODOO-1+-VOODOO-BASS&_sacat=0&LH_TitleDesc=0&_udlo=100&rt=nc&_odkw=Roger+Mayer+VOODOO-1&_osacat=0&_sop=15,0,USD
Yamaha QY700,https://www.ebay.com/sch/i.html?_from=R40&_nkw=Yamaha+QY700+-parts+-junk&_sacat=0&_udlo=200&LH_AvailTo=1&_sop=15&_saact=1&_oac=1&LH_ItemCondition=4&rt=nc&LH_BIN=1,0,USD
DPT-S1,https://www.ebay.com/sch/i.html?_from=R40&_trksid=p2334524.m570.l1313&_nkw=DPT-S1+-DPT-RP1&_sacat=0&LH_TitleDesc=0&_udlo=100&_odkw=+DPT-S1&_osacat=0&_sop=15,0,USD
Fiio X5 3rd,https://www.ebay.com/sch/i.html?_nkw=Fiio%20X5%203rd&_udlo=50&_saact=1&LH_AvailTo=1&_sop=15&_oac=1&rt=nc,0,USD
HTC VIVE PRO,https://www.ebay.com/sch/i.html?_from=R40&_nkw=htc+vive+pro+-base+-junk+-parts&_sacat=0&_udlo=200&LH_AvailTo=1&_sop=15&_saact=1&LH_ItemCondition=4&rt=nc&LH_BIN=1,0,USD
Astell & Kern UW100,https://www.ebay.com/sch/i.html?_from=R40&_nkw=Astell+%26+Kern+UW100+-parts&_sacat=0&_udlo=20&_sop=15&_oac=1&LH_BIN=1&rt=nc&LH_ItemCondition=4,0,USD
R3HH21 - new,https://www.ebay.com/sch/i.html?_nkw=R3HH21%20&_udlo=20&_saact=1&LH_AvailTo=1&_sop=15,0,USD
ATH-M50xBT2 - new,https://www.ebay.com/sch/i.html?_from=R40&_nkw=ATH-M50xBT2&LH_TitleDesc=0&_udlo=100&LH_AvailTo=1&_sop=15&_saact=1&_oac=1&LH_ItemCondition=3&rt=nc&LH_BIN=1,0,USD
Sennheiser HD 800s,https://www.ebay.com/sch/i.html?_from=R40&_nkw=Sennheiser+HD+800s+-cable&_sacat=0&LH_TitleDesc=0&_udlo=450&_sop=15&LH_ItemCondition=4&rt=nc&LH_BIN=1,0,USD
Omron NS10-TV01B-V2,https://www.ebay.com/sch/i.html?_nkw=NS10-TV01B-V2%20&_udlo=20&_saact=1&LH_AvailTo=1&_sop=15,0,USD
ATW-1501 - w/box,https://www.ebay.com/sch/i.html?_nkw=ATW-1501&_udlo=20&_saact=1&LH_AvailTo=1&_sop=15,0,USD
DBX 160A - unit only,https://www.ebay.com/sch/i.html?_nkw=DBX+160A&_udlo=100&_saact=1&LH_AvailTo=1&_sop=15&_oac=1,0,USD
XBA-N3BP - w/box,https://www.ebay.com/sch/i.html?_nkw=XBA-N3BP&_udlo=100&_saact=1&LH_AvailTo=1&_sop=15&rt=nc,0,USD
NW-A100TPS,https://www.ebay.com/sch/i.html?_nkw=NW-A100TPS&_udlo=100&_saact=1&LH_AvailTo=1&_sop=15&LH_ItemCondition=4&rt=nc&LH_BIN=1,0,USD
HUAWEI GT3 Pro,https://www.ebay.com/sch/i.html?_nkw=HUAWEI+GT3+Pro+&_udlo=150&_saact=1&LH_AvailTo=1&_sop=15&_oac=1&LH_BIN=1&rt=nc&LH_ItemCondition=4,0,USD
Microsoft Hololens,https://www.ebay.com/sch/i.html?_nkw=Microsoft+Hololens&_udlo=150&_saact=1&LH_AvailTo=1&_sop=15&_oac=1&LH_ItemCondition=4&rt=nc&LH_BIN=1,0,USD
Epson BT-300,https://www.ebay.com/sch/i.html?_nkw=epson+bt-300&_sop=15&_udlo=150&rt=nc&LH_ItemCondition=4,0,USD
PS Vita Hatsune Miku limited - console only,https://www.ebay.com/sch/i.html?_nkw=PCHJ%20PS%20Vita%20miku&_udlo=100&_saact=1&LH_AvailTo=1&_sop=15&rt=nc,0,USD